Sample Name,Target Name,deltaCT,Gene
R6-3a,Abca1-Mm00442646_m1,6.9975,Abca1
R6-3a,Abca1-Mm00442646_m1,,Abca1
R6-4a,Abca1-Mm00442646_m1,5.6145,Abca1
R6-4a,Abca1-Mm00442646_m1,,Abca1
R6-5a,Abca1-Mm00442646_m1,4.6915,Abca1
R6-5a,Abca1-Mm00442646_m1,,Abca1
R6-6a,Abca1-Mm00442646_m1,7.473,Abca1
R6-6a,Abca1-Mm00442646_m1,,Abca1
WT-2a,Abca1-Mm00442646_m1,8.268,Abca1
WT-2a,Abca1-Mm00442646_m1,,Abca1
WT-3a,Abca1-Mm00442646_m1,9.843,Abca1
WT-3a,Abca1-Mm00442646_m1,,Abca1
WT-4a,Abca1-Mm00442646_m1,8.297,Abca1
WT-4a,Abca1-Mm00442646_m1,,Abca1
WT-5a,Abca1-Mm00442646_m1,9.2745,Abca1
WT-5a,Abca1-Mm00442646_m1,,Abca1
R6-3a,Abca2-Mm00431553_m1,8.636,Abca2
R6-3a,Abca2-Mm00431553_m1,,Abca2
R6-4a,Abca2-Mm00431553_m1,8.6425,Abca2
R6-4a,Abca2-Mm00431553_m1,,Abca2
R6-5a,Abca2-Mm00431553_m1,14.985,Abca2
R6-5a,Abca2-Mm00431553_m1,,Abca2
R6-6a,Abca2-Mm00431553_m1,9.6135,Abca2
R6-6a,Abca2-Mm00431553_m1,,Abca2
WT-2a,Abca2-Mm00431553_m1,9.3775,Abca2
WT-2a,Abca2-Mm00431553_m1,,Abca2
WT-3a,Abca2-Mm00431553_m1,10.4845,Abca2
WT-3a,Abca2-Mm00431553_m1,,Abca2
WT-4a,Abca2-Mm00431553_m1,8.917,Abca2
WT-4a,Abca2-Mm00431553_m1,,Abca2
WT-5a,Abca2-Mm00431553_m1,9.411,Abca2
WT-5a,Abca2-Mm00431553_m1,,Abca2
R6-3a,Abcg1-Mm00437390_m1,4.7785,Abcg1
R6-3a,Abcg1-Mm00437390_m1,,Abcg1
R6-4a,Abcg1-Mm00437390_m1,3.7095,Abcg1
R6-4a,Abcg1-Mm00437390_m1,,Abcg1
R6-5a,Abcg1-Mm00437390_m1,6.9775,Abcg1
R6-5a,Abcg1-Mm00437390_m1,,Abcg1
R6-6a,Abcg1-Mm00437390_m1,5.7025,Abcg1
R6-6a,Abcg1-Mm00437390_m1,,Abcg1
WT-2a,Abcg1-Mm00437390_m1,7.037,Abcg1
WT-2a,Abcg1-Mm00437390_m1,,Abcg1
WT-3a,Abcg1-Mm00437390_m1,7.567,Abcg1
WT-3a,Abcg1-Mm00437390_m1,,Abcg1
WT-4a,Abcg1-Mm00437390_m1,6.366,Abcg1
WT-4a,Abcg1-Mm00437390_m1,,Abcg1
WT-5a,Abcg1-Mm00437390_m1,6.2305,Abcg1
WT-5a,Abcg1-Mm00437390_m1,,Abcg1
R6-3a,Acaa2-Mm00624282_m1,3.145,Acaa2
R6-3a,Acaa2-Mm00624282_m1,,Acaa2
R6-4a,Acaa2-Mm00624282_m1,2.9345,Acaa2
R6-4a,Acaa2-Mm00624282_m1,,Acaa2
R6-5a,Acaa2-Mm00624282_m1,3.4085,Acaa2
R6-5a,Acaa2-Mm00624282_m1,,Acaa2
R6-6a,Acaa2-Mm00624282_m1,4.218,Acaa2
R6-6a,Acaa2-Mm00624282_m1,,Acaa2
WT-2a,Acaa2-Mm00624282_m1,3.911,Acaa2
WT-2a,Acaa2-Mm00624282_m1,,Acaa2
WT-3a,Acaa2-Mm00624282_m1,4.692,Acaa2
WT-3a,Acaa2-Mm00624282_m1,,Acaa2
WT-4a,Acaa2-Mm00624282_m1,4.0505,Acaa2
WT-4a,Acaa2-Mm00624282_m1,,Acaa2
WT-5a,Acaa2-Mm00624282_m1,4.253,Acaa2
WT-5a,Acaa2-Mm00624282_m1,,Acaa2
R6-3a,Actb-Mm00607939_s1,-0.073,Actb
R6-3a,Actb-Mm00607939_s1,,Actb
R6-4a,Actb-Mm00607939_s1,-1.2125,Actb
R6-4a,Actb-Mm00607939_s1,,Actb
R6-5a,Actb-Mm00607939_s1,0.395,Actb
R6-5a,Actb-Mm00607939_s1,,Actb
R6-6a,Actb-Mm00607939_s1,0.7105,Actb
R6-6a,Actb-Mm00607939_s1,,Actb
WT-2a,Actb-Mm00607939_s1,0.447,Actb
WT-2a,Actb-Mm00607939_s1,,Actb
WT-3a,Actb-Mm00607939_s1,0.844,Actb
WT-3a,Actb-Mm00607939_s1,,Actb
WT-4a,Actb-Mm00607939_s1,0.546,Actb
WT-4a,Actb-Mm00607939_s1,,Actb
WT-5a,Actb-Mm00607939_s1,0.692,Actb
WT-5a,Actb-Mm00607939_s1,,Actb
R6-3a,Angptl3-Mm00803820_m1,13.1995,Angptl3
R6-3a,Angptl3-Mm00803820_m1,,Angptl3
R6-4a,Angptl3-Mm00803820_m1,17.9,Angptl3
R6-4a,Angptl3-Mm00803820_m1,,Angptl3
R6-6a,Angptl3-Mm00803820_m1,17.7375,Angptl3
R6-6a,Angptl3-Mm00803820_m1,,Angptl3
WT-2a,Angptl3-Mm00803820_m1,15.5365,Angptl3
WT-2a,Angptl3-Mm00803820_m1,,Angptl3
WT-3a,Angptl3-Mm00803820_m1,19.4885,Angptl3
WT-3a,Angptl3-Mm00803820_m1,,Angptl3
WT-4a,Angptl3-Mm00803820_m1,16.278,Angptl3
WT-4a,Angptl3-Mm00803820_m1,,Angptl3
R6-3a,Ankra2-Mm00499234_m1,6.1835,Ankra2
R6-3a,Ankra2-Mm00499234_m1,,Ankra2
R6-4a,Ankra2-Mm00499234_m1,5.1735,Ankra2
R6-4a,Ankra2-Mm00499234_m1,,Ankra2
R6-5a,Ankra2-Mm00499234_m1,5.915,Ankra2
R6-5a,Ankra2-Mm00499234_m1,,Ankra2
R6-6a,Ankra2-Mm00499234_m1,7.156,Ankra2
R6-6a,Ankra2-Mm00499234_m1,,Ankra2
WT-2a,Ankra2-Mm00499234_m1,6.9835,Ankra2
WT-2a,Ankra2-Mm00499234_m1,,Ankra2
WT-3a,Ankra2-Mm00499234_m1,7.8865,Ankra2
WT-3a,Ankra2-Mm00499234_m1,,Ankra2
WT-4a,Ankra2-Mm00499234_m1,7.084,Ankra2
WT-4a,Ankra2-Mm00499234_m1,,Ankra2
WT-5a,Ankra2-Mm00499234_m1,7.4585,Ankra2
WT-5a,Ankra2-Mm00499234_m1,,Ankra2
R6-4a,Apoa1-Mm00437569_m1,7.1635,Apoa1
R6-4a,Apoa1-Mm00437569_m1,,Apoa1
R6-6a,Apoa1-Mm00437569_m1,14.063,Apoa1
R6-6a,Apoa1-Mm00437569_m1,,Apoa1
WT-2a,Apoa1-Mm00437569_m1,17.043,Apoa1
WT-2a,Apoa1-Mm00437569_m1,,Apoa1
WT-4a,Apoa1-Mm00437569_m1,12.4595,Apoa1
WT-4a,Apoa1-Mm00437569_m1,,Apoa1
WT-5a,Apoa1-Mm00437569_m1,11.8925,Apoa1
WT-5a,Apoa1-Mm00437569_m1,,Apoa1
R6-3a,Apoa2-Mm00442687_m1,11.368,Apoa2
R6-3a,Apoa2-Mm00442687_m1,,Apoa2
R6-6a,Apoa2-Mm00442687_m1,12.716,Apoa2
R6-6a,Apoa2-Mm00442687_m1,,Apoa2
WT-2a,Apoa2-Mm00442687_m1,13.0445,Apoa2
WT-2a,Apoa2-Mm00442687_m1,,Apoa2
WT-3a,Apoa2-Mm00442687_m1,12.783,Apoa2
WT-3a,Apoa2-Mm00442687_m1,,Apoa2
WT-4a,Apoa2-Mm00442687_m1,12.71,Apoa2
WT-4a,Apoa2-Mm00442687_m1,,Apoa2
WT-5a,Apoa2-Mm00442687_m1,14.7045,Apoa2
WT-5a,Apoa2-Mm00442687_m1,,Apoa2
R6-3a,Apoc3-Mm00445670_m1,8.325,Apoc3
R6-3a,Apoc3-Mm00445670_m1,,Apoc3
R6-4a,Apoc3-Mm00445670_m1,11.2095,Apoc3
R6-4a,Apoc3-Mm00445670_m1,,Apoc3
R6-5a,Apoc3-Mm00445670_m1,10.4345,Apoc3
R6-5a,Apoc3-Mm00445670_m1,,Apoc3
R6-6a,Apoc3-Mm00445670_m1,9.932,Apoc3
R6-6a,Apoc3-Mm00445670_m1,,Apoc3
WT-2a,Apoc3-Mm00445670_m1,8.2135,Apoc3
WT-2a,Apoc3-Mm00445670_m1,,Apoc3
WT-3a,Apoc3-Mm00445670_m1,8.2545,Apoc3
WT-3a,Apoc3-Mm00445670_m1,,Apoc3
WT-4a,Apoc3-Mm00445670_m1,7.5615,Apoc3
WT-4a,Apoc3-Mm00445670_m1,,Apoc3
WT-5a,Apoc3-Mm00445670_m1,7.795,Apoc3
WT-5a,Apoc3-Mm00445670_m1,,Apoc3
R6-3a,Apod-Mm00431817_m1,0.3145,Apod
R6-3a,Apod-Mm00431817_m1,,Apod
R6-4a,Apod-Mm00431817_m1,-0.004,Apod
R6-4a,Apod-Mm00431817_m1,,Apod
R6-5a,Apod-Mm00431817_m1,2.07,Apod
R6-5a,Apod-Mm00431817_m1,,Apod
R6-6a,Apod-Mm00431817_m1,0.996,Apod
R6-6a,Apod-Mm00431817_m1,,Apod
WT-2a,Apod-Mm00431817_m1,2.184,Apod
WT-2a,Apod-Mm00431817_m1,,Apod
WT-3a,Apod-Mm00431817_m1,2.738,Apod
WT-3a,Apod-Mm00431817_m1,,Apod
WT-4a,Apod-Mm00431817_m1,1.979,Apod
WT-4a,Apod-Mm00431817_m1,,Apod
WT-5a,Apod-Mm00431817_m1,1.646,Apod
WT-5a,Apod-Mm00431817_m1,,Apod
R6-3a,Apoe-Mm00437573_m1,-1.4865,Apoe
R6-3a,Apoe-Mm00437573_m1,,Apoe
R6-4a,Apoe-Mm00437573_m1,-1.495,Apoe
R6-4a,Apoe-Mm00437573_m1,,Apoe
R6-5a,Apoe-Mm00437573_m1,-0.993,Apoe
R6-5a,Apoe-Mm00437573_m1,,Apoe
R6-6a,Apoe-Mm00437573_m1,0.042,Apoe
R6-6a,Apoe-Mm00437573_m1,,Apoe
WT-2a,Apoe-Mm00437573_m1,-1.051,Apoe
WT-2a,Apoe-Mm00437573_m1,,Apoe
WT-3a,Apoe-Mm00437573_m1,0.0725,Apoe
WT-3a,Apoe-Mm00437573_m1,,Apoe
WT-4a,Apoe-Mm00437573_m1,-1.309,Apoe
WT-4a,Apoe-Mm00437573_m1,,Apoe
WT-5a,Apoe-Mm00437573_m1,-0.583,Apoe
WT-5a,Apoe-Mm00437573_m1,,Apoe
R6-3a,Apol8-Mm01195284_m1,12.0885,Apol8
R6-3a,Apol8-Mm01195284_m1,,Apol8
R6-4a,Apol8-Mm01195284_m1,13.907,Apol8
R6-4a,Apol8-Mm01195284_m1,,Apol8
WT-2a,Apol8-Mm01195284_m1,18.15,Apol8
WT-2a,Apol8-Mm01195284_m1,,Apol8
WT-4a,Apol8-Mm01195284_m1,15.4085,Apol8
WT-4a,Apol8-Mm01195284_m1,,Apol8
R6-3a,B2m-Mm00437762_m1,1.749,B2m
R6-3a,B2m-Mm00437762_m1,,B2m
R6-4a,B2m-Mm00437762_m1,1.4905,B2m
R6-4a,B2m-Mm00437762_m1,,B2m
R6-5a,B2m-Mm00437762_m1,1.075,B2m
R6-5a,B2m-Mm00437762_m1,,B2m
R6-6a,B2m-Mm00437762_m1,1.955,B2m
R6-6a,B2m-Mm00437762_m1,,B2m
WT-2a,B2m-Mm00437762_m1,2.8625,B2m
WT-2a,B2m-Mm00437762_m1,,B2m
WT-3a,B2m-Mm00437762_m1,4.7515,B2m
WT-3a,B2m-Mm00437762_m1,,B2m
WT-4a,B2m-Mm00437762_m1,3.1865,B2m
WT-4a,B2m-Mm00437762_m1,,B2m
WT-5a,B2m-Mm00437762_m1,3.3545,B2m
WT-5a,B2m-Mm00437762_m1,,B2m
R6-3a,Cdh13-Mm00490584_m1,8.939,Cdh13
R6-3a,Cdh13-Mm00490584_m1,,Cdh13
R6-4a,Cdh13-Mm00490584_m1,13.7395,Cdh13
R6-4a,Cdh13-Mm00490584_m1,,Cdh13
R6-5a,Cdh13-Mm00490584_m1,22.1165,Cdh13
R6-5a,Cdh13-Mm00490584_m1,,Cdh13
R6-6a,Cdh13-Mm00490584_m1,8.7195,Cdh13
R6-6a,Cdh13-Mm00490584_m1,,Cdh13
WT-2a,Cdh13-Mm00490584_m1,9.3,Cdh13
WT-2a,Cdh13-Mm00490584_m1,,Cdh13
WT-3a,Cdh13-Mm00490584_m1,10.9445,Cdh13
WT-3a,Cdh13-Mm00490584_m1,,Cdh13
WT-4a,Cdh13-Mm00490584_m1,9.49,Cdh13
WT-4a,Cdh13-Mm00490584_m1,,Cdh13
WT-5a,Cdh13-Mm00490584_m1,10.8415,Cdh13
WT-5a,Cdh13-Mm00490584_m1,,Cdh13
R6-3a,Cnbp-Mm00488938_m1,5.3045,Cnbp
R6-3a,Cnbp-Mm00488938_m1,,Cnbp
R6-4a,Cnbp-Mm00488938_m1,6.6585,Cnbp
R6-4a,Cnbp-Mm00488938_m1,,Cnbp
R6-5a,Cnbp-Mm00488938_m1,7.1475,Cnbp
R6-5a,Cnbp-Mm00488938_m1,,Cnbp
R6-6a,Cnbp-Mm00488938_m1,6.929,Cnbp
R6-6a,Cnbp-Mm00488938_m1,,Cnbp
WT-2a,Cnbp-Mm00488938_m1,6.154,Cnbp
WT-2a,Cnbp-Mm00488938_m1,,Cnbp
WT-3a,Cnbp-Mm00488938_m1,6.963,Cnbp
WT-3a,Cnbp-Mm00488938_m1,,Cnbp
WT-4a,Cnbp-Mm00488938_m1,6.42,Cnbp
WT-4a,Cnbp-Mm00488938_m1,,Cnbp
WT-5a,Cnbp-Mm00488938_m1,6.831,Cnbp
WT-5a,Cnbp-Mm00488938_m1,,Cnbp
R6-3a,Colec12-Mm01236238_m1,7.257,Colec12
R6-3a,Colec12-Mm01236238_m1,,Colec12
R6-4a,Colec12-Mm01236238_m1,6.985,Colec12
R6-4a,Colec12-Mm01236238_m1,,Colec12
R6-5a,Colec12-Mm01236238_m1,5.451,Colec12
R6-5a,Colec12-Mm01236238_m1,,Colec12
R6-6a,Colec12-Mm01236238_m1,6.861,Colec12
R6-6a,Colec12-Mm01236238_m1,,Colec12
WT-2a,Colec12-Mm01236238_m1,8.252,Colec12
WT-2a,Colec12-Mm01236238_m1,,Colec12
WT-3a,Colec12-Mm01236238_m1,9.5165,Colec12
WT-3a,Colec12-Mm01236238_m1,,Colec12
WT-4a,Colec12-Mm01236238_m1,8.3265,Colec12
WT-4a,Colec12-Mm01236238_m1,,Colec12
WT-5a,Colec12-Mm01236238_m1,8.725,Colec12
WT-5a,Colec12-Mm01236238_m1,,Colec12
R6-3a,Cxcl16-Mm00469712_m1,12.3485,Cxcl16
R6-3a,Cxcl16-Mm00469712_m1,,Cxcl16
R6-4a,Cxcl16-Mm00469712_m1,19.422,Cxcl16
R6-4a,Cxcl16-Mm00469712_m1,,Cxcl16
R6-5a,Cxcl16-Mm00469712_m1,9.6135,Cxcl16
R6-5a,Cxcl16-Mm00469712_m1,,Cxcl16
R6-6a,Cxcl16-Mm00469712_m1,10.384,Cxcl16
R6-6a,Cxcl16-Mm00469712_m1,,Cxcl16
WT-2a,Cxcl16-Mm00469712_m1,12.101,Cxcl16
WT-2a,Cxcl16-Mm00469712_m1,,Cxcl16
WT-3a,Cxcl16-Mm00469712_m1,19.5505,Cxcl16
WT-3a,Cxcl16-Mm00469712_m1,,Cxcl16
WT-4a,Cxcl16-Mm00469712_m1,16.2285,Cxcl16
WT-4a,Cxcl16-Mm00469712_m1,,Cxcl16
WT-5a,Cxcl16-Mm00469712_m1,16.6275,Cxcl16
WT-5a,Cxcl16-Mm00469712_m1,,Cxcl16
R6-3a,Cyb5r3-Mm00504077_m1,5.982,Cyb5r3
R6-3a,Cyb5r3-Mm00504077_m1,,Cyb5r3
R6-4a,Cyb5r3-Mm00504077_m1,6.153,Cyb5r3
R6-4a,Cyb5r3-Mm00504077_m1,,Cyb5r3
R6-5a,Cyb5r3-Mm00504077_m1,5.4775,Cyb5r3
R6-5a,Cyb5r3-Mm00504077_m1,,Cyb5r3
R6-6a,Cyb5r3-Mm00504077_m1,6.6445,Cyb5r3
R6-6a,Cyb5r3-Mm00504077_m1,,Cyb5r3
WT-2a,Cyb5r3-Mm00504077_m1,6.7715,Cyb5r3
WT-2a,Cyb5r3-Mm00504077_m1,,Cyb5r3
WT-3a,Cyb5r3-Mm00504077_m1,8.7985,Cyb5r3
WT-3a,Cyb5r3-Mm00504077_m1,,Cyb5r3
WT-4a,Cyb5r3-Mm00504077_m1,7.2445,Cyb5r3
WT-4a,Cyb5r3-Mm00504077_m1,,Cyb5r3
WT-5a,Cyb5r3-Mm00504077_m1,7.7855,Cyb5r3
WT-5a,Cyb5r3-Mm00504077_m1,,Cyb5r3
R6-3a,Cyp39a1-Mm00517066_m1,8.5245,Cyp39a1
R6-3a,Cyp39a1-Mm00517066_m1,,Cyp39a1
R6-4a,Cyp39a1-Mm00517066_m1,6.974,Cyp39a1
R6-4a,Cyp39a1-Mm00517066_m1,,Cyp39a1
R6-5a,Cyp39a1-Mm00517066_m1,9.278,Cyp39a1
R6-5a,Cyp39a1-Mm00517066_m1,,Cyp39a1
R6-6a,Cyp39a1-Mm00517066_m1,9.006,Cyp39a1
R6-6a,Cyp39a1-Mm00517066_m1,,Cyp39a1
WT-2a,Cyp39a1-Mm00517066_m1,9.6765,Cyp39a1
WT-2a,Cyp39a1-Mm00517066_m1,,Cyp39a1
WT-3a,Cyp39a1-Mm00517066_m1,10.9005,Cyp39a1
WT-3a,Cyp39a1-Mm00517066_m1,,Cyp39a1
WT-4a,Cyp39a1-Mm00517066_m1,9.6195,Cyp39a1
WT-4a,Cyp39a1-Mm00517066_m1,,Cyp39a1
WT-5a,Cyp39a1-Mm00517066_m1,9.928,Cyp39a1
WT-5a,Cyp39a1-Mm00517066_m1,,Cyp39a1
R6-3a,Cyp46a1-Mm00487306_m1,6.0255,Cyp46a1
R6-3a,Cyp46a1-Mm00487306_m1,,Cyp46a1
R6-4a,Cyp46a1-Mm00487306_m1,7.222,Cyp46a1
R6-4a,Cyp46a1-Mm00487306_m1,,Cyp46a1
R6-5a,Cyp46a1-Mm00487306_m1,5.1975,Cyp46a1
R6-5a,Cyp46a1-Mm00487306_m1,,Cyp46a1
R6-6a,Cyp46a1-Mm00487306_m1,7.267,Cyp46a1
R6-6a,Cyp46a1-Mm00487306_m1,,Cyp46a1
WT-2a,Cyp46a1-Mm00487306_m1,6.32,Cyp46a1
WT-2a,Cyp46a1-Mm00487306_m1,,Cyp46a1
WT-3a,Cyp46a1-Mm00487306_m1,7.9455,Cyp46a1
WT-3a,Cyp46a1-Mm00487306_m1,,Cyp46a1
WT-4a,Cyp46a1-Mm00487306_m1,6.4595,Cyp46a1
WT-4a,Cyp46a1-Mm00487306_m1,,Cyp46a1
WT-5a,Cyp46a1-Mm00487306_m1,7.523,Cyp46a1
WT-5a,Cyp46a1-Mm00487306_m1,,Cyp46a1
R6-3a,Cyp51-Mm00490968_m1,4.6765,Cyp51
R6-3a,Cyp51-Mm00490968_m1,,Cyp51
R6-4a,Cyp51-Mm00490968_m1,3.943,Cyp51
R6-4a,Cyp51-Mm00490968_m1,,Cyp51
R6-5a,Cyp51-Mm00490968_m1,6.1185,Cyp51
R6-5a,Cyp51-Mm00490968_m1,,Cyp51
R6-6a,Cyp51-Mm00490968_m1,5.4745,Cyp51
R6-6a,Cyp51-Mm00490968_m1,,Cyp51
WT-2a,Cyp51-Mm00490968_m1,3.948,Cyp51
WT-2a,Cyp51-Mm00490968_m1,,Cyp51
WT-3a,Cyp51-Mm00490968_m1,4.927,Cyp51
WT-3a,Cyp51-Mm00490968_m1,,Cyp51
WT-4a,Cyp51-Mm00490968_m1,3.897,Cyp51
WT-4a,Cyp51-Mm00490968_m1,,Cyp51
WT-5a,Cyp51-Mm00490968_m1,4.1325,Cyp51
WT-5a,Cyp51-Mm00490968_m1,,Cyp51
R6-3a,Cyp7b1-Mm00484157_m1,4.595,Cyp7b1
R6-3a,Cyp7b1-Mm00484157_m1,,Cyp7b1
R6-4a,Cyp7b1-Mm00484157_m1,3.577,Cyp7b1
R6-4a,Cyp7b1-Mm00484157_m1,,Cyp7b1
R6-5a,Cyp7b1-Mm00484157_m1,4.5735,Cyp7b1
R6-5a,Cyp7b1-Mm00484157_m1,,Cyp7b1
R6-6a,Cyp7b1-Mm00484157_m1,5.3615,Cyp7b1
R6-6a,Cyp7b1-Mm00484157_m1,,Cyp7b1
WT-2a,Cyp7b1-Mm00484157_m1,4.6545,Cyp7b1
WT-2a,Cyp7b1-Mm00484157_m1,,Cyp7b1
WT-3a,Cyp7b1-Mm00484157_m1,5.4885,Cyp7b1
WT-3a,Cyp7b1-Mm00484157_m1,,Cyp7b1
WT-4a,Cyp7b1-Mm00484157_m1,4.72,Cyp7b1
WT-4a,Cyp7b1-Mm00484157_m1,,Cyp7b1
WT-5a,Cyp7b1-Mm00484157_m1,4.49,Cyp7b1
WT-5a,Cyp7b1-Mm00484157_m1,,Cyp7b1
R6-3a,Dhcr24-Mm00519071_m1,5.765,Dhcr24
R6-3a,Dhcr24-Mm00519071_m1,,Dhcr24
R6-4a,Dhcr24-Mm00519071_m1,7.54,Dhcr24
R6-4a,Dhcr24-Mm00519071_m1,,Dhcr24
R6-5a,Dhcr24-Mm00519071_m1,8.0795,Dhcr24
R6-5a,Dhcr24-Mm00519071_m1,,Dhcr24
R6-6a,Dhcr24-Mm00519071_m1,7.003,Dhcr24
R6-6a,Dhcr24-Mm00519071_m1,,Dhcr24
WT-2a,Dhcr24-Mm00519071_m1,5.238,Dhcr24
WT-2a,Dhcr24-Mm00519071_m1,,Dhcr24
WT-3a,Dhcr24-Mm00519071_m1,5.7115,Dhcr24
WT-3a,Dhcr24-Mm00519071_m1,,Dhcr24
WT-4a,Dhcr24-Mm00519071_m1,4.801,Dhcr24
WT-4a,Dhcr24-Mm00519071_m1,,Dhcr24
WT-5a,Dhcr24-Mm00519071_m1,5.599,Dhcr24
WT-5a,Dhcr24-Mm00519071_m1,,Dhcr24
R6-3a,Dhcr7-Mm00514571_m1,6.3315,Dhcr7
R6-3a,Dhcr7-Mm00514571_m1,,Dhcr7
R6-4a,Dhcr7-Mm00514571_m1,5.2405,Dhcr7
R6-4a,Dhcr7-Mm00514571_m1,,Dhcr7
R6-5a,Dhcr7-Mm00514571_m1,7.396,Dhcr7
R6-5a,Dhcr7-Mm00514571_m1,,Dhcr7
R6-6a,Dhcr7-Mm00514571_m1,7.452,Dhcr7
R6-6a,Dhcr7-Mm00514571_m1,,Dhcr7
WT-2a,Dhcr7-Mm00514571_m1,5.75,Dhcr7
WT-2a,Dhcr7-Mm00514571_m1,,Dhcr7
WT-3a,Dhcr7-Mm00514571_m1,6.136,Dhcr7
WT-3a,Dhcr7-Mm00514571_m1,,Dhcr7
WT-4a,Dhcr7-Mm00514571_m1,5.568,Dhcr7
WT-4a,Dhcr7-Mm00514571_m1,,Dhcr7
WT-5a,Dhcr7-Mm00514571_m1,5.677,Dhcr7
WT-5a,Dhcr7-Mm00514571_m1,,Dhcr7
R6-3a,Ebp-Mm00468191_m1,6.353,Ebp
R6-3a,Ebp-Mm00468191_m1,,Ebp
R6-4a,Ebp-Mm00468191_m1,5.3225,Ebp
R6-4a,Ebp-Mm00468191_m1,,Ebp
R6-5a,Ebp-Mm00468191_m1,8.1365,Ebp
R6-5a,Ebp-Mm00468191_m1,,Ebp
R6-6a,Ebp-Mm00468191_m1,7.2765,Ebp
R6-6a,Ebp-Mm00468191_m1,,Ebp
WT-2a,Ebp-Mm00468191_m1,7.0995,Ebp
WT-2a,Ebp-Mm00468191_m1,,Ebp
WT-3a,Ebp-Mm00468191_m1,7.109,Ebp
WT-3a,Ebp-Mm00468191_m1,,Ebp
WT-4a,Ebp-Mm00468191_m1,7.213,Ebp
WT-4a,Ebp-Mm00468191_m1,,Ebp
WT-5a,Ebp-Mm00468191_m1,7.0265,Ebp
WT-5a,Ebp-Mm00468191_m1,,Ebp
R6-3a,Fdft1-Mm00815354_s1,20.0475,Fdft1
R6-3a,Fdft1-Mm00815354_s1,,Fdft1
R6-4a,Fdft1-Mm00815354_s1,14.975,Fdft1
R6-4a,Fdft1-Mm00815354_s1,,Fdft1
R6-6a,Fdft1-Mm00815354_s1,18.684,Fdft1
R6-6a,Fdft1-Mm00815354_s1,,Fdft1
WT-2a,Fdft1-Mm00815354_s1,18.3575,Fdft1
WT-2a,Fdft1-Mm00815354_s1,,Fdft1
WT-3a,Fdft1-Mm00815354_s1,19.318,Fdft1
WT-3a,Fdft1-Mm00815354_s1,,Fdft1
WT-4a,Fdft1-Mm00815354_s1,20.992,Fdft1
WT-4a,Fdft1-Mm00815354_s1,,Fdft1
WT-5a,Fdft1-Mm00815354_s1,17.4965,Fdft1
WT-5a,Fdft1-Mm00815354_s1,,Fdft1
R6-3a,Fdps-Mm00836315_g1,11.1225,Fdps
R6-3a,Fdps-Mm00836315_g1,,Fdps
R6-4a,Fdps-Mm00836315_g1,10.0495,Fdps
R6-4a,Fdps-Mm00836315_g1,,Fdps
R6-5a,Fdps-Mm00836315_g1,14.1825,Fdps
R6-5a,Fdps-Mm00836315_g1,,Fdps
R6-6a,Fdps-Mm00836315_g1,11.152,Fdps
R6-6a,Fdps-Mm00836315_g1,,Fdps
WT-2a,Fdps-Mm00836315_g1,9.921,Fdps
WT-2a,Fdps-Mm00836315_g1,,Fdps
WT-3a,Fdps-Mm00836315_g1,10.948,Fdps
WT-3a,Fdps-Mm00836315_g1,,Fdps
WT-4a,Fdps-Mm00836315_g1,10.6855,Fdps
WT-4a,Fdps-Mm00836315_g1,,Fdps
WT-5a,Fdps-Mm00836315_g1,10.518,Fdps
WT-5a,Fdps-Mm00836315_g1,,Fdps
R6-3a,Gapdh-Mm99999915_g1,0.771,Gapdh
R6-3a,Gapdh-Mm99999915_g1,,Gapdh
R6-4a,Gapdh-Mm99999915_g1,1.169,Gapdh
R6-4a,Gapdh-Mm99999915_g1,,Gapdh
R6-5a,Gapdh-Mm99999915_g1,0.227,Gapdh
R6-5a,Gapdh-Mm99999915_g1,,Gapdh
R6-6a,Gapdh-Mm99999915_g1,1.58,Gapdh
R6-6a,Gapdh-Mm99999915_g1,,Gapdh
WT-2a,Gapdh-Mm99999915_g1,1.1805,Gapdh
WT-2a,Gapdh-Mm99999915_g1,,Gapdh
WT-3a,Gapdh-Mm99999915_g1,1.691,Gapdh
WT-3a,Gapdh-Mm99999915_g1,,Gapdh
WT-4a,Gapdh-Mm99999915_g1,1.3045,Gapdh
WT-4a,Gapdh-Mm99999915_g1,,Gapdh
WT-5a,Gapdh-Mm99999915_g1,1.677,Gapdh
WT-5a,Gapdh-Mm99999915_g1,,Gapdh
R6-3a,Gusb-Mm00446953_m1,7.2065,Gusb
R6-3a,Gusb-Mm00446953_m1,,Gusb
R6-4a,Gusb-Mm00446953_m1,7.832,Gusb
R6-4a,Gusb-Mm00446953_m1,,Gusb
R6-5a,Gusb-Mm00446953_m1,10.252,Gusb
R6-5a,Gusb-Mm00446953_m1,,Gusb
R6-6a,Gusb-Mm00446953_m1,8.024,Gusb
R6-6a,Gusb-Mm00446953_m1,,Gusb
WT-2a,Gusb-Mm00446953_m1,8.5925,Gusb
WT-2a,Gusb-Mm00446953_m1,,Gusb
WT-3a,Gusb-Mm00446953_m1,9.0185,Gusb
WT-3a,Gusb-Mm00446953_m1,,Gusb
WT-4a,Gusb-Mm00446953_m1,8.284,Gusb
WT-4a,Gusb-Mm00446953_m1,,Gusb
WT-5a,Gusb-Mm00446953_m1,8.7835,Gusb
WT-5a,Gusb-Mm00446953_m1,,Gusb
R6-3a,Hdlbp-Mm00505507_m1,4.729,Hdlbp
R6-3a,Hdlbp-Mm00505507_m1,,Hdlbp
R6-4a,Hdlbp-Mm00505507_m1,4.7645,Hdlbp
R6-4a,Hdlbp-Mm00505507_m1,,Hdlbp
R6-5a,Hdlbp-Mm00505507_m1,6.9975,Hdlbp
R6-5a,Hdlbp-Mm00505507_m1,,Hdlbp
R6-6a,Hdlbp-Mm00505507_m1,5.9565,Hdlbp
R6-6a,Hdlbp-Mm00505507_m1,,Hdlbp
WT-2a,Hdlbp-Mm00505507_m1,5.7325,Hdlbp
WT-2a,Hdlbp-Mm00505507_m1,,Hdlbp
WT-3a,Hdlbp-Mm00505507_m1,7.0075,Hdlbp
WT-3a,Hdlbp-Mm00505507_m1,,Hdlbp
WT-4a,Hdlbp-Mm00505507_m1,6.1255,Hdlbp
WT-4a,Hdlbp-Mm00505507_m1,,Hdlbp
WT-5a,Hdlbp-Mm00505507_m1,6.3295,Hdlbp
WT-5a,Hdlbp-Mm00505507_m1,,Hdlbp
R6-3a,Hmgcr-Mm01282499_m1,5.3085,Hmgcr
R6-3a,Hmgcr-Mm01282499_m1,,Hmgcr
R6-4a,Hmgcr-Mm01282499_m1,6.1015,Hmgcr
R6-4a,Hmgcr-Mm01282499_m1,,Hmgcr
R6-5a,Hmgcr-Mm01282499_m1,6.038,Hmgcr
R6-5a,Hmgcr-Mm01282499_m1,,Hmgcr
R6-6a,Hmgcr-Mm01282499_m1,6.4685,Hmgcr
R6-6a,Hmgcr-Mm01282499_m1,,Hmgcr
WT-2a,Hmgcr-Mm01282499_m1,5.392,Hmgcr
WT-2a,Hmgcr-Mm01282499_m1,,Hmgcr
WT-3a,Hmgcr-Mm01282499_m1,6.085,Hmgcr
WT-3a,Hmgcr-Mm01282499_m1,,Hmgcr
WT-4a,Hmgcr-Mm01282499_m1,5.496,Hmgcr
WT-4a,Hmgcr-Mm01282499_m1,,Hmgcr
WT-5a,Hmgcr-Mm01282499_m1,5.3065,Hmgcr
WT-5a,Hmgcr-Mm01282499_m1,,Hmgcr
R6-3a,Hmgcs1-Mm01304569_m1,4.0175,Hmgcs1
R6-3a,Hmgcs1-Mm01304569_m1,,Hmgcs1
R6-4a,Hmgcs1-Mm01304569_m1,4.101,Hmgcs1
R6-4a,Hmgcs1-Mm01304569_m1,,Hmgcs1
R6-5a,Hmgcs1-Mm01304569_m1,5.5995,Hmgcs1
R6-5a,Hmgcs1-Mm01304569_m1,,Hmgcs1
R6-6a,Hmgcs1-Mm01304569_m1,5.0825,Hmgcs1
R6-6a,Hmgcs1-Mm01304569_m1,,Hmgcs1
WT-2a,Hmgcs1-Mm01304569_m1,3.328,Hmgcs1
WT-2a,Hmgcs1-Mm01304569_m1,,Hmgcs1
WT-3a,Hmgcs1-Mm01304569_m1,4.287,Hmgcs1
WT-3a,Hmgcs1-Mm01304569_m1,,Hmgcs1
WT-4a,Hmgcs1-Mm01304569_m1,3.57,Hmgcs1
WT-4a,Hmgcs1-Mm01304569_m1,,Hmgcs1
WT-5a,Hmgcs1-Mm01304569_m1,4.0575,Hmgcs1
WT-5a,Hmgcs1-Mm01304569_m1,,Hmgcs1
R6-3a,Hmgcs2-Mm00550050_m1,7.7195,Hmgcs2
R6-3a,Hmgcs2-Mm00550050_m1,,Hmgcs2
R6-4a,Hmgcs2-Mm00550050_m1,8.591,Hmgcs2
R6-4a,Hmgcs2-Mm00550050_m1,,Hmgcs2
R6-5a,Hmgcs2-Mm00550050_m1,8.4405,Hmgcs2
R6-5a,Hmgcs2-Mm00550050_m1,,Hmgcs2
R6-6a,Hmgcs2-Mm00550050_m1,7.8875,Hmgcs2
R6-6a,Hmgcs2-Mm00550050_m1,,Hmgcs2
WT-2a,Hmgcs2-Mm00550050_m1,9.031,Hmgcs2
WT-2a,Hmgcs2-Mm00550050_m1,,Hmgcs2
WT-3a,Hmgcs2-Mm00550050_m1,10.2585,Hmgcs2
WT-3a,Hmgcs2-Mm00550050_m1,,Hmgcs2
WT-4a,Hmgcs2-Mm00550050_m1,8.9375,Hmgcs2
WT-4a,Hmgcs2-Mm00550050_m1,,Hmgcs2
WT-5a,Hmgcs2-Mm00550050_m1,10.2125,Hmgcs2
WT-5a,Hmgcs2-Mm00550050_m1,,Hmgcs2
R6-3a,Hprt-Mm00446968_m1,5.918,Hprt
R6-3a,Hprt-Mm00446968_m1,,Hprt
R6-4a,Hprt-Mm00446968_m1,4.984,Hprt
R6-4a,Hprt-Mm00446968_m1,,Hprt
R6-5a,Hprt-Mm00446968_m1,5.7565,Hprt
R6-5a,Hprt-Mm00446968_m1,,Hprt
R6-6a,Hprt-Mm00446968_m1,5.436,Hprt
R6-6a,Hprt-Mm00446968_m1,,Hprt
WT-2a,Hprt-Mm00446968_m1,6.005,Hprt
WT-2a,Hprt-Mm00446968_m1,,Hprt
WT-3a,Hprt-Mm00446968_m1,8.029,Hprt
WT-3a,Hprt-Mm00446968_m1,,Hprt
WT-4a,Hprt-Mm00446968_m1,7.0405,Hprt
WT-4a,Hprt-Mm00446968_m1,,Hprt
WT-5a,Hprt-Mm00446968_m1,6.985,Hprt
WT-5a,Hprt-Mm00446968_m1,,Hprt
R6-3a,Idi1-Mm01337454_m1,10.128,Idi1
R6-3a,Idi1-Mm01337454_m1,,Idi1
R6-4a,Idi1-Mm01337454_m1,10.6595,Idi1
R6-4a,Idi1-Mm01337454_m1,,Idi1
R6-5a,Idi1-Mm01337454_m1,10.345,Idi1
R6-5a,Idi1-Mm01337454_m1,,Idi1
R6-6a,Idi1-Mm01337454_m1,9.906,Idi1
R6-6a,Idi1-Mm01337454_m1,,Idi1
WT-2a,Idi1-Mm01337454_m1,8.176,Idi1
WT-2a,Idi1-Mm01337454_m1,,Idi1
WT-3a,Idi1-Mm01337454_m1,8.874,Idi1
WT-3a,Idi1-Mm01337454_m1,,Idi1
WT-4a,Idi1-Mm01337454_m1,9.229,Idi1
WT-4a,Idi1-Mm01337454_m1,,Idi1
WT-5a,Idi1-Mm01337454_m1,7.8795,Idi1
WT-5a,Idi1-Mm01337454_m1,,Idi1
R6-3a,Insig1-Mm00463389_m1,6.6755,Insig1
R6-3a,Insig1-Mm00463389_m1,,Insig1
R6-4a,Insig1-Mm00463389_m1,6.0455,Insig1
R6-4a,Insig1-Mm00463389_m1,,Insig1
R6-5a,Insig1-Mm00463389_m1,7.991,Insig1
R6-5a,Insig1-Mm00463389_m1,,Insig1
R6-6a,Insig1-Mm00463389_m1,7.8035,Insig1
R6-6a,Insig1-Mm00463389_m1,,Insig1
WT-2a,Insig1-Mm00463389_m1,5.0295,Insig1
WT-2a,Insig1-Mm00463389_m1,,Insig1
WT-3a,Insig1-Mm00463389_m1,5.6975,Insig1
WT-3a,Insig1-Mm00463389_m1,,Insig1
WT-4a,Insig1-Mm00463389_m1,5.472,Insig1
WT-4a,Insig1-Mm00463389_m1,,Insig1
WT-5a,Insig1-Mm00463389_m1,6.2825,Insig1
WT-5a,Insig1-Mm00463389_m1,,Insig1
R6-3a,Insig2-Mm00460121_m1,6.2335,Insig2
R6-3a,Insig2-Mm00460121_m1,,Insig2
R6-4a,Insig2-Mm00460121_m1,5.991,Insig2
R6-4a,Insig2-Mm00460121_m1,,Insig2
R6-5a,Insig2-Mm00460121_m1,6.979,Insig2
R6-5a,Insig2-Mm00460121_m1,,Insig2
R6-6a,Insig2-Mm00460121_m1,7.1665,Insig2
R6-6a,Insig2-Mm00460121_m1,,Insig2
WT-2a,Insig2-Mm00460121_m1,7.2745,Insig2
WT-2a,Insig2-Mm00460121_m1,,Insig2
WT-3a,Insig2-Mm00460121_m1,8.126,Insig2
WT-3a,Insig2-Mm00460121_m1,,Insig2
WT-4a,Insig2-Mm00460121_m1,7.4545,Insig2
WT-4a,Insig2-Mm00460121_m1,,Insig2
WT-5a,Insig2-Mm00460121_m1,7.5235,Insig2
WT-5a,Insig2-Mm00460121_m1,,Insig2
R6-3a,Ipo8-Mm01255158_m1,7.1725,Ipo8
R6-3a,Ipo8-Mm01255158_m1,,Ipo8
R6-4a,Ipo8-Mm01255158_m1,7.565,Ipo8
R6-4a,Ipo8-Mm01255158_m1,,Ipo8
R6-5a,Ipo8-Mm01255158_m1,11.8175,Ipo8
R6-5a,Ipo8-Mm01255158_m1,,Ipo8
R6-6a,Ipo8-Mm01255158_m1,8.3435,Ipo8
R6-6a,Ipo8-Mm01255158_m1,,Ipo8
WT-2a,Ipo8-Mm01255158_m1,8.7285,Ipo8
WT-2a,Ipo8-Mm01255158_m1,,Ipo8
WT-3a,Ipo8-Mm01255158_m1,9.7715,Ipo8
WT-3a,Ipo8-Mm01255158_m1,,Ipo8
WT-4a,Ipo8-Mm01255158_m1,8.8945,Ipo8
WT-4a,Ipo8-Mm01255158_m1,,Ipo8
WT-5a,Ipo8-Mm01255158_m1,8.9815,Ipo8
WT-5a,Ipo8-Mm01255158_m1,,Ipo8
R6-3a,Lcat-Mm00500505_m1,6.2735,Lcat
R6-3a,Lcat-Mm00500505_m1,,Lcat
R6-4a,Lcat-Mm00500505_m1,8.371,Lcat
R6-4a,Lcat-Mm00500505_m1,,Lcat
R6-5a,Lcat-Mm00500505_m1,12.0105,Lcat
R6-5a,Lcat-Mm00500505_m1,,Lcat
R6-6a,Lcat-Mm00500505_m1,8.459,Lcat
R6-6a,Lcat-Mm00500505_m1,,Lcat
WT-2a,Lcat-Mm00500505_m1,4.896,Lcat
WT-2a,Lcat-Mm00500505_m1,,Lcat
WT-3a,Lcat-Mm00500505_m1,5.883,Lcat
WT-3a,Lcat-Mm00500505_m1,,Lcat
WT-4a,Lcat-Mm00500505_m1,5.0165,Lcat
WT-4a,Lcat-Mm00500505_m1,,Lcat
WT-5a,Lcat-Mm00500505_m1,6.0285,Lcat
WT-5a,Lcat-Mm00500505_m1,,Lcat
R6-3a,Ldlr-Mm00440169_m1,7.462,Ldlr
R6-3a,Ldlr-Mm00440169_m1,,Ldlr
R6-4a,Ldlr-Mm00440169_m1,8.3275,Ldlr
R6-4a,Ldlr-Mm00440169_m1,,Ldlr
R6-5a,Ldlr-Mm00440169_m1,11.9425,Ldlr
R6-5a,Ldlr-Mm00440169_m1,,Ldlr
R6-6a,Ldlr-Mm00440169_m1,8.3375,Ldlr
R6-6a,Ldlr-Mm00440169_m1,,Ldlr
WT-2a,Ldlr-Mm00440169_m1,6.49,Ldlr
WT-2a,Ldlr-Mm00440169_m1,,Ldlr
WT-3a,Ldlr-Mm00440169_m1,7.351,Ldlr
WT-3a,Ldlr-Mm00440169_m1,,Ldlr
WT-4a,Ldlr-Mm00440169_m1,6.596,Ldlr
WT-4a,Ldlr-Mm00440169_m1,,Ldlr
WT-5a,Ldlr-Mm00440169_m1,6.961,Ldlr
WT-5a,Ldlr-Mm00440169_m1,,Ldlr
R6-3a,Ldlrap1-Mm00521157_m1,10.869,Ldlrap1
R6-3a,Ldlrap1-Mm00521157_m1,,Ldlrap1
R6-4a,Ldlrap1-Mm00521157_m1,10.945,Ldlrap1
R6-4a,Ldlrap1-Mm00521157_m1,,Ldlrap1
R6-5a,Ldlrap1-Mm00521157_m1,12.1605,Ldlrap1
R6-5a,Ldlrap1-Mm00521157_m1,,Ldlrap1
R6-6a,Ldlrap1-Mm00521157_m1,11.56,Ldlrap1
R6-6a,Ldlrap1-Mm00521157_m1,,Ldlrap1
WT-2a,Ldlrap1-Mm00521157_m1,10.8295,Ldlrap1
WT-2a,Ldlrap1-Mm00521157_m1,,Ldlrap1
WT-3a,Ldlrap1-Mm00521157_m1,12.492,Ldlrap1
WT-3a,Ldlrap1-Mm00521157_m1,,Ldlrap1
WT-4a,Ldlrap1-Mm00521157_m1,11.101,Ldlrap1
WT-4a,Ldlrap1-Mm00521157_m1,,Ldlrap1
WT-5a,Ldlrap1-Mm00521157_m1,11.8895,Ldlrap1
WT-5a,Ldlrap1-Mm00521157_m1,,Ldlrap1
R6-3a,Lipe-Mm00495359_m1,6.227,Lipe
R6-3a,Lipe-Mm00495359_m1,,Lipe
R6-4a,Lipe-Mm00495359_m1,6.5715,Lipe
R6-4a,Lipe-Mm00495359_m1,,Lipe
R6-5a,Lipe-Mm00495359_m1,5.178,Lipe
R6-5a,Lipe-Mm00495359_m1,,Lipe
R6-6a,Lipe-Mm00495359_m1,6.4735,Lipe
R6-6a,Lipe-Mm00495359_m1,,Lipe
WT-2a,Lipe-Mm00495359_m1,6.409,Lipe
WT-2a,Lipe-Mm00495359_m1,,Lipe
WT-3a,Lipe-Mm00495359_m1,8.021,Lipe
WT-3a,Lipe-Mm00495359_m1,,Lipe
WT-4a,Lipe-Mm00495359_m1,6.759,Lipe
WT-4a,Lipe-Mm00495359_m1,,Lipe
WT-5a,Lipe-Mm00495359_m1,7.2375,Lipe
WT-5a,Lipe-Mm00495359_m1,,Lipe
R6-3a,Lrp10-Mm00499125_m1,6.7625,Lrp10
R6-3a,Lrp10-Mm00499125_m1,,Lrp10
R6-4a,Lrp10-Mm00499125_m1,5.8835,Lrp10
R6-4a,Lrp10-Mm00499125_m1,,Lrp10
R6-5a,Lrp10-Mm00499125_m1,6.026,Lrp10
R6-5a,Lrp10-Mm00499125_m1,,Lrp10
R6-6a,Lrp10-Mm00499125_m1,7.3615,Lrp10
R6-6a,Lrp10-Mm00499125_m1,,Lrp10
WT-2a,Lrp10-Mm00499125_m1,7.3125,Lrp10
WT-2a,Lrp10-Mm00499125_m1,,Lrp10
WT-3a,Lrp10-Mm00499125_m1,8.0295,Lrp10
WT-3a,Lrp10-Mm00499125_m1,,Lrp10
WT-4a,Lrp10-Mm00499125_m1,7.5175,Lrp10
WT-4a,Lrp10-Mm00499125_m1,,Lrp10
WT-5a,Lrp10-Mm00499125_m1,7.3325,Lrp10
WT-5a,Lrp10-Mm00499125_m1,,Lrp10
R6-3a,Lrp12-Mm01168065_m1,6.855,Lrp12
R6-3a,Lrp12-Mm01168065_m1,,Lrp12
R6-4a,Lrp12-Mm01168065_m1,5.3035,Lrp12
R6-4a,Lrp12-Mm01168065_m1,,Lrp12
R6-5a,Lrp12-Mm01168065_m1,6.9345,Lrp12
R6-5a,Lrp12-Mm01168065_m1,,Lrp12
R6-6a,Lrp12-Mm01168065_m1,7.9515,Lrp12
R6-6a,Lrp12-Mm01168065_m1,,Lrp12
WT-2a,Lrp12-Mm01168065_m1,7.819,Lrp12
WT-2a,Lrp12-Mm01168065_m1,,Lrp12
WT-3a,Lrp12-Mm01168065_m1,9.0855,Lrp12
WT-3a,Lrp12-Mm01168065_m1,,Lrp12
WT-4a,Lrp12-Mm01168065_m1,8.43,Lrp12
WT-4a,Lrp12-Mm01168065_m1,,Lrp12
WT-5a,Lrp12-Mm01168065_m1,8.1095,Lrp12
WT-5a,Lrp12-Mm01168065_m1,,Lrp12
R6-3a,Lrp1b-Mm00466712_m1,8.0875,Lrp1b
R6-3a,Lrp1b-Mm00466712_m1,,Lrp1b
R6-4a,Lrp1b-Mm00466712_m1,6.949,Lrp1b
R6-4a,Lrp1b-Mm00466712_m1,,Lrp1b
R6-5a,Lrp1b-Mm00466712_m1,7.5595,Lrp1b
R6-5a,Lrp1b-Mm00466712_m1,,Lrp1b
R6-6a,Lrp1b-Mm00466712_m1,8.338,Lrp1b
R6-6a,Lrp1b-Mm00466712_m1,,Lrp1b
WT-2a,Lrp1b-Mm00466712_m1,8.894,Lrp1b
WT-2a,Lrp1b-Mm00466712_m1,,Lrp1b
WT-3a,Lrp1b-Mm00466712_m1,10.1215,Lrp1b
WT-3a,Lrp1b-Mm00466712_m1,,Lrp1b
WT-4a,Lrp1b-Mm00466712_m1,9.579,Lrp1b
WT-4a,Lrp1b-Mm00466712_m1,,Lrp1b
WT-5a,Lrp1b-Mm00466712_m1,9.175,Lrp1b
WT-5a,Lrp1b-Mm00466712_m1,,Lrp1b
R6-3a,Lrp6-Mm00999795_m1,6.765,Lrp6
R6-3a,Lrp6-Mm00999795_m1,,Lrp6
R6-4a,Lrp6-Mm00999795_m1,6.103,Lrp6
R6-4a,Lrp6-Mm00999795_m1,,Lrp6
R6-5a,Lrp6-Mm00999795_m1,7.2065,Lrp6
R6-5a,Lrp6-Mm00999795_m1,,Lrp6
R6-6a,Lrp6-Mm00999795_m1,7.258,Lrp6
R6-6a,Lrp6-Mm00999795_m1,,Lrp6
WT-2a,Lrp6-Mm00999795_m1,8.029,Lrp6
WT-2a,Lrp6-Mm00999795_m1,,Lrp6
WT-3a,Lrp6-Mm00999795_m1,9.729,Lrp6
WT-3a,Lrp6-Mm00999795_m1,,Lrp6
WT-4a,Lrp6-Mm00999795_m1,8.0585,Lrp6
WT-4a,Lrp6-Mm00999795_m1,,Lrp6
WT-5a,Lrp6-Mm00999795_m1,8.137,Lrp6
WT-5a,Lrp6-Mm00999795_m1,,Lrp6
R6-3a,Lrpap1-Mm00660272_m1,2.0935,Lrpap1
R6-3a,Lrpap1-Mm00660272_m1,,Lrpap1
R6-4a,Lrpap1-Mm00660272_m1,3.076,Lrpap1
R6-4a,Lrpap1-Mm00660272_m1,,Lrpap1
R6-5a,Lrpap1-Mm00660272_m1,3.1255,Lrpap1
R6-5a,Lrpap1-Mm00660272_m1,,Lrpap1
R6-6a,Lrpap1-Mm00660272_m1,3.5955,Lrpap1
R6-6a,Lrpap1-Mm00660272_m1,,Lrpap1
WT-2a,Lrpap1-Mm00660272_m1,3.25,Lrpap1
WT-2a,Lrpap1-Mm00660272_m1,,Lrpap1
WT-3a,Lrpap1-Mm00660272_m1,4.4365,Lrpap1
WT-3a,Lrpap1-Mm00660272_m1,,Lrpap1
WT-4a,Lrpap1-Mm00660272_m1,3.0715,Lrpap1
WT-4a,Lrpap1-Mm00660272_m1,,Lrpap1
WT-5a,Lrpap1-Mm00660272_m1,3.705,Lrpap1
WT-5a,Lrpap1-Mm00660272_m1,,Lrpap1
R6-3a,Mbtps1-Mm00490600_m1,5.5215,Mbtps1
R6-3a,Mbtps1-Mm00490600_m1,,Mbtps1
R6-4a,Mbtps1-Mm00490600_m1,5.6545,Mbtps1
R6-4a,Mbtps1-Mm00490600_m1,,Mbtps1
R6-5a,Mbtps1-Mm00490600_m1,6.6805,Mbtps1
R6-5a,Mbtps1-Mm00490600_m1,,Mbtps1
R6-6a,Mbtps1-Mm00490600_m1,5.8965,Mbtps1
R6-6a,Mbtps1-Mm00490600_m1,,Mbtps1
WT-2a,Mbtps1-Mm00490600_m1,6.46,Mbtps1
WT-2a,Mbtps1-Mm00490600_m1,,Mbtps1
WT-3a,Mbtps1-Mm00490600_m1,7.5885,Mbtps1
WT-3a,Mbtps1-Mm00490600_m1,,Mbtps1
WT-4a,Mbtps1-Mm00490600_m1,6.3025,Mbtps1
WT-4a,Mbtps1-Mm00490600_m1,,Mbtps1
WT-5a,Mbtps1-Mm00490600_m1,6.321,Mbtps1
WT-5a,Mbtps1-Mm00490600_m1,,Mbtps1
R6-3a,Mvd-Mm00507014_m1,11.2145,Mvd
R6-3a,Mvd-Mm00507014_m1,,Mvd
R6-4a,Mvd-Mm00507014_m1,15.274,Mvd
R6-4a,Mvd-Mm00507014_m1,,Mvd
R6-5a,Mvd-Mm00507014_m1,14.4975,Mvd
R6-5a,Mvd-Mm00507014_m1,,Mvd
R6-6a,Mvd-Mm00507014_m1,13.184,Mvd
R6-6a,Mvd-Mm00507014_m1,,Mvd
WT-2a,Mvd-Mm00507014_m1,9.467,Mvd
WT-2a,Mvd-Mm00507014_m1,,Mvd
WT-3a,Mvd-Mm00507014_m1,10.189,Mvd
WT-3a,Mvd-Mm00507014_m1,,Mvd
WT-4a,Mvd-Mm00507014_m1,9.442,Mvd
WT-4a,Mvd-Mm00507014_m1,,Mvd
WT-5a,Mvd-Mm00507014_m1,10.085,Mvd
WT-5a,Mvd-Mm00507014_m1,,Mvd
R6-3a,Mvk-Mm00445773_m1,8.724,Mvk
R6-3a,Mvk-Mm00445773_m1,,Mvk
R6-4a,Mvk-Mm00445773_m1,12.0485,Mvk
R6-4a,Mvk-Mm00445773_m1,,Mvk
R6-5a,Mvk-Mm00445773_m1,10.0715,Mvk
R6-5a,Mvk-Mm00445773_m1,,Mvk
R6-6a,Mvk-Mm00445773_m1,9.5865,Mvk
R6-6a,Mvk-Mm00445773_m1,,Mvk
WT-2a,Mvk-Mm00445773_m1,7.951,Mvk
WT-2a,Mvk-Mm00445773_m1,,Mvk
WT-3a,Mvk-Mm00445773_m1,9.3465,Mvk
WT-3a,Mvk-Mm00445773_m1,,Mvk
WT-4a,Mvk-Mm00445773_m1,8.2495,Mvk
WT-4a,Mvk-Mm00445773_m1,,Mvk
WT-5a,Mvk-Mm00445773_m1,9.0405,Mvk
WT-5a,Mvk-Mm00445773_m1,,Mvk
R6-3a,Nr0b2-Mm00442278_m1,16.438,Nr0b2
R6-3a,Nr0b2-Mm00442278_m1,,Nr0b2
R6-4a,Nr0b2-Mm00442278_m1,13.203,Nr0b2
R6-4a,Nr0b2-Mm00442278_m1,,Nr0b2
R6-5a,Nr0b2-Mm00442278_m1,21.6455,Nr0b2
R6-5a,Nr0b2-Mm00442278_m1,,Nr0b2
R6-6a,Nr0b2-Mm00442278_m1,16.6,Nr0b2
R6-6a,Nr0b2-Mm00442278_m1,,Nr0b2
WT-2a,Nr0b2-Mm00442278_m1,23.0345,Nr0b2
WT-2a,Nr0b2-Mm00442278_m1,,Nr0b2
WT-3a,Nr0b2-Mm00442278_m1,22.7735,Nr0b2
WT-3a,Nr0b2-Mm00442278_m1,,Nr0b2
WT-4a,Nr0b2-Mm00442278_m1,22.4135,Nr0b2
WT-4a,Nr0b2-Mm00442278_m1,,Nr0b2
WT-5a,Nr0b2-Mm00442278_m1,15.446,Nr0b2
WT-5a,Nr0b2-Mm00442278_m1,,Nr0b2
R6-3a,Nsdhl-Mm00477897_m1,4.6225,Nsdhl
R6-3a,Nsdhl-Mm00477897_m1,,Nsdhl
R6-4a,Nsdhl-Mm00477897_m1,2.921,Nsdhl
R6-4a,Nsdhl-Mm00477897_m1,,Nsdhl
R6-5a,Nsdhl-Mm00477897_m1,4.3465,Nsdhl
R6-5a,Nsdhl-Mm00477897_m1,,Nsdhl
R6-6a,Nsdhl-Mm00477897_m1,5.983,Nsdhl
R6-6a,Nsdhl-Mm00477897_m1,,Nsdhl
WT-2a,Nsdhl-Mm00477897_m1,4.7445,Nsdhl
WT-2a,Nsdhl-Mm00477897_m1,,Nsdhl
WT-3a,Nsdhl-Mm00477897_m1,5.5,Nsdhl
WT-3a,Nsdhl-Mm00477897_m1,,Nsdhl
WT-4a,Nsdhl-Mm00477897_m1,4.4635,Nsdhl
WT-4a,Nsdhl-Mm00477897_m1,,Nsdhl
WT-5a,Nsdhl-Mm00477897_m1,4.7735,Nsdhl
WT-5a,Nsdhl-Mm00477897_m1,,Nsdhl
R6-3a,Osbpl1a-Mm00498552_m1,1.86,Osbpl1a
R6-3a,Osbpl1a-Mm00498552_m1,,Osbpl1a
R6-4a,Osbpl1a-Mm00498552_m1,1.9325,Osbpl1a
R6-4a,Osbpl1a-Mm00498552_m1,,Osbpl1a
R6-5a,Osbpl1a-Mm00498552_m1,3.409,Osbpl1a
R6-5a,Osbpl1a-Mm00498552_m1,,Osbpl1a
R6-6a,Osbpl1a-Mm00498552_m1,2.786,Osbpl1a
R6-6a,Osbpl1a-Mm00498552_m1,,Osbpl1a
WT-2a,Osbpl1a-Mm00498552_m1,1.859,Osbpl1a
WT-2a,Osbpl1a-Mm00498552_m1,,Osbpl1a
WT-3a,Osbpl1a-Mm00498552_m1,2.6615,Osbpl1a
WT-3a,Osbpl1a-Mm00498552_m1,,Osbpl1a
WT-4a,Osbpl1a-Mm00498552_m1,1.9665,Osbpl1a
WT-4a,Osbpl1a-Mm00498552_m1,,Osbpl1a
WT-5a,Osbpl1a-Mm00498552_m1,2.1155,Osbpl1a
WT-5a,Osbpl1a-Mm00498552_m1,,Osbpl1a
R6-3a,Osbpl5-Mm00600357_m1,7.386,Osbpl5
R6-3a,Osbpl5-Mm00600357_m1,,Osbpl5
R6-4a,Osbpl5-Mm00600357_m1,11.489,Osbpl5
R6-4a,Osbpl5-Mm00600357_m1,,Osbpl5
R6-5a,Osbpl5-Mm00600357_m1,13.7485,Osbpl5
R6-5a,Osbpl5-Mm00600357_m1,,Osbpl5
R6-6a,Osbpl5-Mm00600357_m1,8.109,Osbpl5
R6-6a,Osbpl5-Mm00600357_m1,,Osbpl5
WT-2a,Osbpl5-Mm00600357_m1,10.4985,Osbpl5
WT-2a,Osbpl5-Mm00600357_m1,,Osbpl5
WT-3a,Osbpl5-Mm00600357_m1,11.5395,Osbpl5
WT-3a,Osbpl5-Mm00600357_m1,,Osbpl5
WT-4a,Osbpl5-Mm00600357_m1,10.2355,Osbpl5
WT-4a,Osbpl5-Mm00600357_m1,,Osbpl5
WT-5a,Osbpl5-Mm00600357_m1,9.785,Osbpl5
WT-5a,Osbpl5-Mm00600357_m1,,Osbpl5
R6-3a,Pgk1-Mm00435617_m1,4.3325,Pgk1
R6-3a,Pgk1-Mm00435617_m1,,Pgk1
R6-4a,Pgk1-Mm00435617_m1,3.845,Pgk1
R6-4a,Pgk1-Mm00435617_m1,,Pgk1
R6-5a,Pgk1-Mm00435617_m1,3.9805,Pgk1
R6-5a,Pgk1-Mm00435617_m1,,Pgk1
R6-6a,Pgk1-Mm00435617_m1,4.886,Pgk1
R6-6a,Pgk1-Mm00435617_m1,,Pgk1
WT-2a,Pgk1-Mm00435617_m1,4.6505,Pgk1
WT-2a,Pgk1-Mm00435617_m1,,Pgk1
WT-3a,Pgk1-Mm00435617_m1,5.829,Pgk1
WT-3a,Pgk1-Mm00435617_m1,,Pgk1
WT-4a,Pgk1-Mm00435617_m1,5.4425,Pgk1
WT-4a,Pgk1-Mm00435617_m1,,Pgk1
WT-5a,Pgk1-Mm00435617_m1,5.554,Pgk1
WT-5a,Pgk1-Mm00435617_m1,,Pgk1
R6-3a,Pmvk-Mm01212763_m1,5.88,Pmvk
R6-3a,Pmvk-Mm01212763_m1,,Pmvk
R6-4a,Pmvk-Mm01212763_m1,5.9565,Pmvk
R6-4a,Pmvk-Mm01212763_m1,,Pmvk
R6-5a,Pmvk-Mm01212763_m1,8.241,Pmvk
R6-5a,Pmvk-Mm01212763_m1,,Pmvk
R6-6a,Pmvk-Mm01212763_m1,7.2725,Pmvk
R6-6a,Pmvk-Mm01212763_m1,,Pmvk
WT-2a,Pmvk-Mm01212763_m1,6.7875,Pmvk
WT-2a,Pmvk-Mm01212763_m1,,Pmvk
WT-3a,Pmvk-Mm01212763_m1,7.5085,Pmvk
WT-3a,Pmvk-Mm01212763_m1,,Pmvk
WT-4a,Pmvk-Mm01212763_m1,7.1635,Pmvk
WT-4a,Pmvk-Mm01212763_m1,,Pmvk
WT-5a,Pmvk-Mm01212763_m1,7.0455,Pmvk
WT-5a,Pmvk-Mm01212763_m1,,Pmvk
R6-3a,Polr2a-Mm00839493_m1,3.511,Polr2a
R6-3a,Polr2a-Mm00839493_m1,,Polr2a
R6-4a,Polr2a-Mm00839493_m1,3.1895,Polr2a
R6-4a,Polr2a-Mm00839493_m1,,Polr2a
R6-5a,Polr2a-Mm00839493_m1,3.9905,Polr2a
R6-5a,Polr2a-Mm00839493_m1,,Polr2a
R6-6a,Polr2a-Mm00839493_m1,4.283,Polr2a
R6-6a,Polr2a-Mm00839493_m1,,Polr2a
WT-2a,Polr2a-Mm00839493_m1,6.844,Polr2a
WT-2a,Polr2a-Mm00839493_m1,,Polr2a
WT-3a,Polr2a-Mm00839493_m1,7.5065,Polr2a
WT-3a,Polr2a-Mm00839493_m1,,Polr2a
WT-4a,Polr2a-Mm00839493_m1,6.8415,Polr2a
WT-4a,Polr2a-Mm00839493_m1,,Polr2a
WT-5a,Polr2a-Mm00839493_m1,6.615,Polr2a
WT-5a,Polr2a-Mm00839493_m1,,Polr2a
R6-3a,Ppard-Mm00803184_m1,8.499,Ppard
R6-3a,Ppard-Mm00803184_m1,,Ppard
R6-4a,Ppard-Mm00803184_m1,7.8615,Ppard
R6-4a,Ppard-Mm00803184_m1,,Ppard
R6-5a,Ppard-Mm00803184_m1,10.493,Ppard
R6-5a,Ppard-Mm00803184_m1,,Ppard
R6-6a,Ppard-Mm00803184_m1,8.656,Ppard
R6-6a,Ppard-Mm00803184_m1,,Ppard
WT-2a,Ppard-Mm00803184_m1,8.954,Ppard
WT-2a,Ppard-Mm00803184_m1,,Ppard
WT-3a,Ppard-Mm00803184_m1,10.0065,Ppard
WT-3a,Ppard-Mm00803184_m1,,Ppard
WT-4a,Ppard-Mm00803184_m1,9.107,Ppard
WT-4a,Ppard-Mm00803184_m1,,Ppard
WT-5a,Ppard-Mm00803184_m1,9.0895,Ppard
WT-5a,Ppard-Mm00803184_m1,,Ppard
R6-3a,Ppia-Mm02342430_g1,2.004,Ppia
R6-3a,Ppia-Mm02342430_g1,,Ppia
R6-4a,Ppia-Mm02342430_g1,1.238,Ppia
R6-4a,Ppia-Mm02342430_g1,,Ppia
R6-5a,Ppia-Mm02342430_g1,1.617,Ppia
R6-5a,Ppia-Mm02342430_g1,,Ppia
R6-6a,Ppia-Mm02342430_g1,2.5125,Ppia
R6-6a,Ppia-Mm02342430_g1,,Ppia
WT-2a,Ppia-Mm02342430_g1,2.434,Ppia
WT-2a,Ppia-Mm02342430_g1,,Ppia
WT-3a,Ppia-Mm02342430_g1,3.2495,Ppia
WT-3a,Ppia-Mm02342430_g1,,Ppia
WT-4a,Ppia-Mm02342430_g1,2.4955,Ppia
WT-4a,Ppia-Mm02342430_g1,,Ppia
WT-5a,Ppia-Mm02342430_g1,3.146,Ppia
WT-5a,Ppia-Mm02342430_g1,,Ppia
R6-3a,Prkaa1-Mm01296700_m1,4.992,Prkaa1
R6-3a,Prkaa1-Mm01296700_m1,,Prkaa1
R6-4a,Prkaa1-Mm01296700_m1,4.2035,Prkaa1
R6-4a,Prkaa1-Mm01296700_m1,,Prkaa1
R6-5a,Prkaa1-Mm01296700_m1,5.422,Prkaa1
R6-5a,Prkaa1-Mm01296700_m1,,Prkaa1
R6-6a,Prkaa1-Mm01296700_m1,5.8105,Prkaa1
R6-6a,Prkaa1-Mm01296700_m1,,Prkaa1
WT-2a,Prkaa1-Mm01296700_m1,6.0665,Prkaa1
WT-2a,Prkaa1-Mm01296700_m1,,Prkaa1
WT-3a,Prkaa1-Mm01296700_m1,6.951,Prkaa1
WT-3a,Prkaa1-Mm01296700_m1,,Prkaa1
WT-4a,Prkaa1-Mm01296700_m1,6.025,Prkaa1
WT-4a,Prkaa1-Mm01296700_m1,,Prkaa1
WT-5a,Prkaa1-Mm01296700_m1,6.1555,Prkaa1
WT-5a,Prkaa1-Mm01296700_m1,,Prkaa1
R6-3a,Prkaa2-Mm01264789_m1,7.5135,Prkaa2
R6-3a,Prkaa2-Mm01264789_m1,,Prkaa2
R6-4a,Prkaa2-Mm01264789_m1,8.0595,Prkaa2
R6-4a,Prkaa2-Mm01264789_m1,,Prkaa2
R6-5a,Prkaa2-Mm01264789_m1,12.151,Prkaa2
R6-5a,Prkaa2-Mm01264789_m1,,Prkaa2
R6-6a,Prkaa2-Mm01264789_m1,8.721,Prkaa2
R6-6a,Prkaa2-Mm01264789_m1,,Prkaa2
WT-2a,Prkaa2-Mm01264789_m1,9.2925,Prkaa2
WT-2a,Prkaa2-Mm01264789_m1,,Prkaa2
WT-3a,Prkaa2-Mm01264789_m1,10.0595,Prkaa2
WT-3a,Prkaa2-Mm01264789_m1,,Prkaa2
WT-4a,Prkaa2-Mm01264789_m1,9.7575,Prkaa2
WT-4a,Prkaa2-Mm01264789_m1,,Prkaa2
WT-5a,Prkaa2-Mm01264789_m1,10.3125,Prkaa2
WT-5a,Prkaa2-Mm01264789_m1,,Prkaa2
R6-3a,Prkag2-Mm00513977_m1,6.2985,Prkag2
R6-3a,Prkag2-Mm00513977_m1,,Prkag2
R6-4a,Prkag2-Mm00513977_m1,5.659,Prkag2
R6-4a,Prkag2-Mm00513977_m1,,Prkag2
R6-5a,Prkag2-Mm00513977_m1,10.3975,Prkag2
R6-5a,Prkag2-Mm00513977_m1,,Prkag2
R6-6a,Prkag2-Mm00513977_m1,6.8845,Prkag2
R6-6a,Prkag2-Mm00513977_m1,,Prkag2
WT-2a,Prkag2-Mm00513977_m1,7.097,Prkag2
WT-2a,Prkag2-Mm00513977_m1,,Prkag2
WT-3a,Prkag2-Mm00513977_m1,8.1165,Prkag2
WT-3a,Prkag2-Mm00513977_m1,,Prkag2
WT-4a,Prkag2-Mm00513977_m1,7.068,Prkag2
WT-4a,Prkag2-Mm00513977_m1,,Prkag2
WT-5a,Prkag2-Mm00513977_m1,8.2655,Prkag2
WT-5a,Prkag2-Mm00513977_m1,,Prkag2
R6-3a,Rplp2-Mm00782638_s1,12.273,Rplp2
R6-3a,Rplp2-Mm00782638_s1,,Rplp2
R6-4a,Rplp2-Mm00782638_s1,11.684,Rplp2
R6-4a,Rplp2-Mm00782638_s1,,Rplp2
R6-5a,Rplp2-Mm00782638_s1,10.501,Rplp2
R6-5a,Rplp2-Mm00782638_s1,,Rplp2
R6-6a,Rplp2-Mm00782638_s1,9.8825,Rplp2
R6-6a,Rplp2-Mm00782638_s1,,Rplp2
WT-2a,Rplp2-Mm00782638_s1,11.893,Rplp2
WT-2a,Rplp2-Mm00782638_s1,,Rplp2
WT-3a,Rplp2-Mm00782638_s1,12.3965,Rplp2
WT-3a,Rplp2-Mm00782638_s1,,Rplp2
WT-4a,Rplp2-Mm00782638_s1,14.1745,Rplp2
WT-4a,Rplp2-Mm00782638_s1,,Rplp2
WT-5a,Rplp2-Mm00782638_s1,15.298,Rplp2
WT-5a,Rplp2-Mm00782638_s1,,Rplp2
R6-3a,Scap-Mm01250183_g1,4.6325,Scap
R6-3a,Scap-Mm01250183_g1,,Scap
R6-4a,Scap-Mm01250183_g1,3.8065,Scap
R6-4a,Scap-Mm01250183_g1,,Scap
R6-5a,Scap-Mm01250183_g1,4.385,Scap
R6-5a,Scap-Mm01250183_g1,,Scap
R6-6a,Scap-Mm01250183_g1,5.757,Scap
R6-6a,Scap-Mm01250183_g1,,Scap
WT-2a,Scap-Mm01250183_g1,5.524,Scap
WT-2a,Scap-Mm01250183_g1,,Scap
WT-3a,Scap-Mm01250183_g1,6.7365,Scap
WT-3a,Scap-Mm01250183_g1,,Scap
WT-4a,Scap-Mm01250183_g1,5.66,Scap
WT-4a,Scap-Mm01250183_g1,,Scap
WT-5a,Scap-Mm01250183_g1,5.3225,Scap
WT-5a,Scap-Mm01250183_g1,,Scap
R6-3a,Scarf1-Mm01240399_m1,11.2525,Scarf1
R6-3a,Scarf1-Mm01240399_m1,,Scarf1
R6-5a,Scarf1-Mm01240399_m1,16.0195,Scarf1
R6-5a,Scarf1-Mm01240399_m1,,Scarf1
R6-6a,Scarf1-Mm01240399_m1,14.0745,Scarf1
R6-6a,Scarf1-Mm01240399_m1,,Scarf1
WT-2a,Scarf1-Mm01240399_m1,16.9,Scarf1
WT-2a,Scarf1-Mm01240399_m1,,Scarf1
WT-3a,Scarf1-Mm01240399_m1,17.2345,Scarf1
WT-3a,Scarf1-Mm01240399_m1,,Scarf1
WT-4a,Scarf1-Mm01240399_m1,15.608,Scarf1
WT-4a,Scarf1-Mm01240399_m1,,Scarf1
WT-5a,Scarf1-Mm01240399_m1,15.0665,Scarf1
WT-5a,Scarf1-Mm01240399_m1,,Scarf1
R6-3a,Snx17-Mm01220541_g1,4.869,Snx17
R6-3a,Snx17-Mm01220541_g1,,Snx17
R6-4a,Snx17-Mm01220541_g1,4.5925,Snx17
R6-4a,Snx17-Mm01220541_g1,,Snx17
R6-5a,Snx17-Mm01220541_g1,5.013,Snx17
R6-5a,Snx17-Mm01220541_g1,,Snx17
R6-6a,Snx17-Mm01220541_g1,5.832,Snx17
R6-6a,Snx17-Mm01220541_g1,,Snx17
WT-2a,Snx17-Mm01220541_g1,6.036,Snx17
WT-2a,Snx17-Mm01220541_g1,,Snx17
WT-3a,Snx17-Mm01220541_g1,7.067,Snx17
WT-3a,Snx17-Mm01220541_g1,,Snx17
WT-4a,Snx17-Mm01220541_g1,6.3935,Snx17
WT-4a,Snx17-Mm01220541_g1,,Snx17
WT-5a,Snx17-Mm01220541_g1,6.8055,Snx17
WT-5a,Snx17-Mm01220541_g1,,Snx17
R6-3a,Soat1-Mm00486279_m1,2.318,Soat1
R6-3a,Soat1-Mm00486279_m1,,Soat1
R6-4a,Soat1-Mm00486279_m1,2.318,Soat1
R6-4a,Soat1-Mm00486279_m1,,Soat1
R6-5a,Soat1-Mm00486279_m1,2.9105,Soat1
R6-5a,Soat1-Mm00486279_m1,,Soat1
R6-6a,Soat1-Mm00486279_m1,3.6375,Soat1
R6-6a,Soat1-Mm00486279_m1,,Soat1
WT-2a,Soat1-Mm00486279_m1,3.125,Soat1
WT-2a,Soat1-Mm00486279_m1,,Soat1
WT-3a,Soat1-Mm00486279_m1,3.9445,Soat1
WT-3a,Soat1-Mm00486279_m1,,Soat1
WT-4a,Soat1-Mm00486279_m1,3.1085,Soat1
WT-4a,Soat1-Mm00486279_m1,,Soat1
WT-5a,Soat1-Mm00486279_m1,3.318,Soat1
WT-5a,Soat1-Mm00486279_m1,,Soat1
R6-3a,Sorl1-Mm01169562_m1,3.405,Sorl1
R6-3a,Sorl1-Mm01169562_m1,,Sorl1
R6-4a,Sorl1-Mm01169562_m1,2.7255,Sorl1
R6-4a,Sorl1-Mm01169562_m1,,Sorl1
R6-5a,Sorl1-Mm01169562_m1,4.183,Sorl1
R6-5a,Sorl1-Mm01169562_m1,,Sorl1
R6-6a,Sorl1-Mm01169562_m1,5.0635,Sorl1
R6-6a,Sorl1-Mm01169562_m1,,Sorl1
WT-2a,Sorl1-Mm01169562_m1,5.0415,Sorl1
WT-2a,Sorl1-Mm01169562_m1,,Sorl1
WT-3a,Sorl1-Mm01169562_m1,5.4965,Sorl1
WT-3a,Sorl1-Mm01169562_m1,,Sorl1
WT-4a,Sorl1-Mm01169562_m1,4.616,Sorl1
WT-4a,Sorl1-Mm01169562_m1,,Sorl1
WT-5a,Sorl1-Mm01169562_m1,4.3335,Sorl1
WT-5a,Sorl1-Mm01169562_m1,,Sorl1
R6-3a,Srebf1-Mm00550338_m1,7.56,Srebf1
R6-3a,Srebf1-Mm00550338_m1,,Srebf1
R6-4a,Srebf1-Mm00550338_m1,6.1275,Srebf1
R6-4a,Srebf1-Mm00550338_m1,,Srebf1
R6-5a,Srebf1-Mm00550338_m1,6.9915,Srebf1
R6-5a,Srebf1-Mm00550338_m1,,Srebf1
R6-6a,Srebf1-Mm00550338_m1,9,Srebf1
R6-6a,Srebf1-Mm00550338_m1,,Srebf1
WT-2a,Srebf1-Mm00550338_m1,9.1835,Srebf1
WT-2a,Srebf1-Mm00550338_m1,,Srebf1
WT-3a,Srebf1-Mm00550338_m1,8.6465,Srebf1
WT-3a,Srebf1-Mm00550338_m1,,Srebf1
WT-4a,Srebf1-Mm00550338_m1,9.098,Srebf1
WT-4a,Srebf1-Mm00550338_m1,,Srebf1
WT-5a,Srebf1-Mm00550338_m1,8.8045,Srebf1
WT-5a,Srebf1-Mm00550338_m1,,Srebf1
R6-3a,Srebf2-Mm01306292_m1,3.1655,Srebf2
R6-3a,Srebf2-Mm01306292_m1,,Srebf2
R6-4a,Srebf2-Mm01306292_m1,2.437,Srebf2
R6-4a,Srebf2-Mm01306292_m1,,Srebf2
R6-5a,Srebf2-Mm01306292_m1,2.8735,Srebf2
R6-5a,Srebf2-Mm01306292_m1,,Srebf2
R6-6a,Srebf2-Mm01306292_m1,4.2105,Srebf2
R6-6a,Srebf2-Mm01306292_m1,,Srebf2
WT-2a,Srebf2-Mm01306292_m1,4.139,Srebf2
WT-2a,Srebf2-Mm01306292_m1,,Srebf2
WT-3a,Srebf2-Mm01306292_m1,4.3095,Srebf2
WT-3a,Srebf2-Mm01306292_m1,,Srebf2
WT-4a,Srebf2-Mm01306292_m1,3.758,Srebf2
WT-4a,Srebf2-Mm01306292_m1,,Srebf2
WT-5a,Srebf2-Mm01306292_m1,4.214,Srebf2
WT-5a,Srebf2-Mm01306292_m1,,Srebf2
R6-3a,Stab1-Mm00460390_m1,15.088,Stab1
R6-3a,Stab1-Mm00460390_m1,,Stab1
R6-4a,Stab1-Mm00460390_m1,15.6475,Stab1
R6-4a,Stab1-Mm00460390_m1,,Stab1
R6-5a,Stab1-Mm00460390_m1,22.5985,Stab1
R6-5a,Stab1-Mm00460390_m1,,Stab1
R6-6a,Stab1-Mm00460390_m1,12.4745,Stab1
R6-6a,Stab1-Mm00460390_m1,,Stab1
WT-2a,Stab1-Mm00460390_m1,12.6675,Stab1
WT-2a,Stab1-Mm00460390_m1,,Stab1
WT-3a,Stab1-Mm00460390_m1,16.3335,Stab1
WT-3a,Stab1-Mm00460390_m1,,Stab1
WT-4a,Stab1-Mm00460390_m1,14.114,Stab1
WT-4a,Stab1-Mm00460390_m1,,Stab1
WT-5a,Stab1-Mm00460390_m1,18.5315,Stab1
WT-5a,Stab1-Mm00460390_m1,,Stab1
R6-3a,Stard3-Mm00445520_m1,7.873,Stard3
R6-3a,Stard3-Mm00445520_m1,,Stard3
R6-4a,Stard3-Mm00445520_m1,7.236,Stard3
R6-4a,Stard3-Mm00445520_m1,,Stard3
R6-5a,Stard3-Mm00445520_m1,8.431,Stard3
R6-5a,Stard3-Mm00445520_m1,,Stard3
R6-6a,Stard3-Mm00445520_m1,8.529,Stard3
R6-6a,Stard3-Mm00445520_m1,,Stard3
WT-2a,Stard3-Mm00445520_m1,8.319,Stard3
WT-2a,Stard3-Mm00445520_m1,,Stard3
WT-3a,Stard3-Mm00445520_m1,9.0015,Stard3
WT-3a,Stard3-Mm00445520_m1,,Stard3
WT-4a,Stard3-Mm00445520_m1,8.1355,Stard3
WT-4a,Stard3-Mm00445520_m1,,Stard3
WT-5a,Stard3-Mm00445520_m1,8.47,Stard3
WT-5a,Stard3-Mm00445520_m1,,Stard3
R6-3a,Tm7sf2-Mm01233546_g1,4.91,Tm7sf2
R6-3a,Tm7sf2-Mm01233546_g1,,Tm7sf2
R6-4a,Tm7sf2-Mm01233546_g1,4.468,Tm7sf2
R6-4a,Tm7sf2-Mm01233546_g1,,Tm7sf2
R6-5a,Tm7sf2-Mm01233546_g1,4.59,Tm7sf2
R6-5a,Tm7sf2-Mm01233546_g1,,Tm7sf2
R6-6a,Tm7sf2-Mm01233546_g1,5.514,Tm7sf2
R6-6a,Tm7sf2-Mm01233546_g1,,Tm7sf2
WT-2a,Tm7sf2-Mm01233546_g1,4.351,Tm7sf2
WT-2a,Tm7sf2-Mm01233546_g1,,Tm7sf2
WT-3a,Tm7sf2-Mm01233546_g1,5.267,Tm7sf2
WT-3a,Tm7sf2-Mm01233546_g1,,Tm7sf2
WT-4a,Tm7sf2-Mm01233546_g1,3.815,Tm7sf2
WT-4a,Tm7sf2-Mm01233546_g1,,Tm7sf2
WT-5a,Tm7sf2-Mm01233546_g1,4.0695,Tm7sf2
WT-5a,Tm7sf2-Mm01233546_g1,,Tm7sf2
R6-3a,Trerf1-Mm01278040_m1,10.2045,Trerf1
R6-3a,Trerf1-Mm01278040_m1,,Trerf1
R6-4a,Trerf1-Mm01278040_m1,8.7915,Trerf1
R6-4a,Trerf1-Mm01278040_m1,,Trerf1
R6-5a,Trerf1-Mm01278040_m1,10.8145,Trerf1
R6-5a,Trerf1-Mm01278040_m1,,Trerf1
R6-6a,Trerf1-Mm01278040_m1,11.0325,Trerf1
R6-6a,Trerf1-Mm01278040_m1,,Trerf1
WT-2a,Trerf1-Mm01278040_m1,11.318,Trerf1
WT-2a,Trerf1-Mm01278040_m1,,Trerf1
WT-3a,Trerf1-Mm01278040_m1,13.304,Trerf1
WT-3a,Trerf1-Mm01278040_m1,,Trerf1
WT-4a,Trerf1-Mm01278040_m1,12.203,Trerf1
WT-4a,Trerf1-Mm01278040_m1,,Trerf1
WT-5a,Trerf1-Mm01278040_m1,12.2535,Trerf1
WT-5a,Trerf1-Mm01278040_m1,,Trerf1
R6-3a,Ubc-Mm01201237_m1,4.0645,Ubc
R6-3a,Ubc-Mm01201237_m1,,Ubc
R6-4a,Ubc-Mm01201237_m1,4.435,Ubc
R6-4a,Ubc-Mm01201237_m1,,Ubc
R6-5a,Ubc-Mm01201237_m1,3.9365,Ubc
R6-5a,Ubc-Mm01201237_m1,,Ubc
R6-6a,Ubc-Mm01201237_m1,4.4565,Ubc
R6-6a,Ubc-Mm01201237_m1,,Ubc
WT-2a,Ubc-Mm01201237_m1,4.039,Ubc
WT-2a,Ubc-Mm01201237_m1,,Ubc
WT-3a,Ubc-Mm01201237_m1,4.9365,Ubc
WT-3a,Ubc-Mm01201237_m1,,Ubc
WT-4a,Ubc-Mm01201237_m1,4.108,Ubc
WT-4a,Ubc-Mm01201237_m1,,Ubc
WT-5a,Ubc-Mm01201237_m1,7.594,Ubc
WT-5a,Ubc-Mm01201237_m1,,Ubc
R6-3a,Vldlr-Mm00443281_m1,10.539,Vldlr
R6-3a,Vldlr-Mm00443281_m1,,Vldlr
R6-4a,Vldlr-Mm00443281_m1,8.8785,Vldlr
R6-4a,Vldlr-Mm00443281_m1,,Vldlr
R6-5a,Vldlr-Mm00443281_m1,18.587,Vldlr
R6-5a,Vldlr-Mm00443281_m1,,Vldlr
R6-6a,Vldlr-Mm00443281_m1,10.9565,Vldlr
R6-6a,Vldlr-Mm00443281_m1,,Vldlr
WT-2a,Vldlr-Mm00443281_m1,10.7395,Vldlr
WT-2a,Vldlr-Mm00443281_m1,,Vldlr
WT-3a,Vldlr-Mm00443281_m1,10.919,Vldlr
WT-3a,Vldlr-Mm00443281_m1,,Vldlr
WT-4a,Vldlr-Mm00443281_m1,10.2705,Vldlr
WT-4a,Vldlr-Mm00443281_m1,,Vldlr
WT-5a,Vldlr-Mm00443281_m1,10.8815,Vldlr
WT-5a,Vldlr-Mm00443281_m1,,Vldlr
R6-3a,Zmynd15-Mm02600120_g1,19.7895,Zmynd15
R6-3a,Zmynd15-Mm02600120_g1,,Zmynd15
R6-4a,Zmynd15-Mm02600120_g1,11.8755,Zmynd15
R6-4a,Zmynd15-Mm02600120_g1,,Zmynd15
R6-6a,Zmynd15-Mm02600120_g1,15.998,Zmynd15
R6-6a,Zmynd15-Mm02600120_g1,,Zmynd15
WT-2a,Zmynd15-Mm02600120_g1,17.46,Zmynd15
WT-2a,Zmynd15-Mm02600120_g1,,Zmynd15
WT-3a,Zmynd15-Mm02600120_g1,20.4185,Zmynd15
WT-3a,Zmynd15-Mm02600120_g1,,Zmynd15
WT-4a,Zmynd15-Mm02600120_g1,14.992,Zmynd15
WT-4a,Zmynd15-Mm02600120_g1,,Zmynd15
WT-5a,Zmynd15-Mm02600120_g1,9.3775,Zmynd15
WT-5a,Zmynd15-Mm02600120_g1,,Zmynd15